<ncbiImporter>
  <!-- The NCBI database to search. If omitted, defaults to nuccore -->
  <database>nuccore</database>
  <!-- The name of the GLUE source object which will contain the imported sequences.
       If omitted, defaults to ncbi-<database> -->
  <sourceName>ncbi-nuccore</sourceName>
  <!-- Name of the custom field of the sequence table in which the importer will
       cache GI numbers. If omitted, defaults to gb_gi_number. 
       If the field does not exist the importer can still work but will log warnings. -->
  <giNumberFieldName>gb_gi_number</giNumberFieldName>
  <!-- The eSearchTerm is a standard NCBI entrez text query. 
       An alternative to eSearchTerm is to specify specific GI numbers or Primary Accessions 
       to retrieve. See ncbiImporterGiNumbers.xml and ncbiImporterPrimaryAccessions.xml for syntax examples -->
  <eSearchTerm>
  	"Hepatitis C"[Organism] AND 
  	5000:20000[SLEN]
  </eSearchTerm>
  <sequenceFormat>GENBANK_XML</sequenceFormat>
  <!-- This specifies the field of the GenBank document which will be used as the GLUE sequence ID. The options are:
       GI_NUMBER (default if omitted)
       PRIMARY_ACCESSION -->
  <sequenceIdField>PRIMARY_ACCESSION</sequenceIdField>
  <!-- If true, Genbank XML sequences with the same GI number which already exist in the named GLUE source and which are 
       found within the search result set will not be downloaded / overwritten. 
       If omitted, defaults to false. -->
  <overwriteExisting>false</overwriteExisting>
  <!-- Maximum number of records to download and add/update in the GLUE source. If omitted, no maximum. -->
  <maxDownloaded>10</maxDownloaded>
  <!-- Retrieval operates in batches to avoid overloading NCBI. 
       This is the number of sequences to retrieve per batch -->
  <eFetchBatchSize>500</eFetchBatchSize>
  <!-- Maximum size of the search result set. If omitted, defaults to 4000. This maximum is applied at the initial NCBI
       search step -->
  <eSearchRetMax>10</eSearchRetMax>
</ncbiImporter>
