<gluetools>
	<database>
		<username>gluetools</username>
		<password>glue12345</password>
		<vendor>MySQL</vendor>
		<jdbcUrl>jdbc:mysql://localhost:3306/GLUE_TOOLS</jdbcUrl>	
	</database>
	<properties>
		<property>
			<name>gluetools.core.programs.blast.blastn.executable</name>
			<value>/home/fred/blast/ncbi-blast-2.2.31+/bin/blastn</value>
		</property>
		<property>
			<name>gluetools.core.programs.blast.tblastn.executable</name>
			<value>/home/fred/blast/ncbi-blast-2.2.31+/bin/tblastn</value>
		</property>
		<property>
			<name>gluetools.core.programs.blast.makeblastdb.executable</name>
			<value>/home/fred/blast/ncbi-blast-2.2.31+/bin/makeblastdb</value>
		</property>
		<property>
			<name>gluetools.core.programs.blast.db.dir</name>
			<value>/home/fred/gluetools/blastdbs</value>
		</property>
		<property>
			<name>cayenne.querycache.size</name>
			<value>30000</value>
		</property>
		
	</properties>
</gluetools>