<?xml version="1.0" encoding="UTF-8" standalone="no"?>
<gbSubmisisonGenerator>
	<sourceInfoProviders>
		<staticSourceInfoProvider>
			<sourceModifier>organism</sourceModifier>
			<value>Hepatitis E virus</value>
		</staticSourceInfoProvider>
		<staticSourceInfoProvider>
			<sourceModifier>moltype</sourceModifier>
			<value>genomic</value>
		</staticSourceInfoProvider>
		<staticSourceInfoProvider>
			<sourceModifier>molecule</sourceModifier>
			<value>rna</value>
		</staticSourceInfoProvider>
		<freemarkerSourceInfoProvider>
			<sourceModifier>genotype</sourceModifier>
			<template>${genotype!""}${subtype!""}</template>
		</freemarkerSourceInfoProvider>
		<freemarkerSourceInfoProvider>
			<sourceModifier>host</sourceModifier>
			<template>${host_species!""}</template>
		</freemarkerSourceInfoProvider>
		<freemarkerSourceInfoProvider>
			<sourceModifier>isolate</sourceModifier>
			<template>${isolate!""}</template>
		</freemarkerSourceInfoProvider>
		<freemarkerSourceInfoProvider>
			<sourceModifier>collection-date</sourceModifier>
			<template>${(collection_year?c)!""}</template>
		</freemarkerSourceInfoProvider>
		<seqPropertySourceInfoProvider>
			<sourceModifier>country</sourceModifier>
			<propertyPath>m49_country.display_name</propertyPath>
		</seqPropertySourceInfoProvider>
	</sourceInfoProviders>
	<featureProviders>
		<unconstrainedAlignmentFeatureProvider>
			<alignmentName>AL_UNCONSTRAINED_1f</alignmentName>
			<referenceSequenceName>REF_1f_JF443721</referenceSequenceName>
			<glueFeatureName>ORF1</glueFeatureName>
			<featureKey>CDS</featureKey>
			<qualifier>
				<key>product</key>
				<valueTemplate>non-structural polyprotein</valueTemplate>
			</qualifier>
			<qualifier>
				<key>gene</key>
				<valueTemplate>${feature.name}</valueTemplate>
			</qualifier>
		</unconstrainedAlignmentFeatureProvider>
		<unconstrainedAlignmentFeatureProvider>
			<alignmentName>AL_UNCONSTRAINED_1f</alignmentName>
			<referenceSequenceName>REF_1f_JF443721</referenceSequenceName>
			<glueFeatureName>ORF2</glueFeatureName>
			<featureKey>CDS</featureKey>
			<qualifier>
				<key>product</key>
				<valueTemplate>capsid protein</valueTemplate>
			</qualifier>
			<qualifier>
				<key>gene</key>
				<valueTemplate>${feature.name}</valueTemplate>
			</qualifier>
		</unconstrainedAlignmentFeatureProvider>
		<unconstrainedAlignmentFeatureProvider>
			<alignmentName>AL_UNCONSTRAINED_1f</alignmentName>
			<referenceSequenceName>REF_1f_JF443721</referenceSequenceName>
			<glueFeatureName>ORF3</glueFeatureName>
			<featureKey>CDS</featureKey>
			<qualifier>
				<key>product</key>
				<valueTemplate>ORF3</valueTemplate>
			</qualifier>
			<qualifier>
				<key>gene</key>
				<valueTemplate>${feature.name}</valueTemplate>
			</qualifier>
		</unconstrainedAlignmentFeatureProvider>
	</featureProviders>
</gbSubmisisonGenerator>
