<?xml version="1.0" encoding="UTF-8" standalone="no"?>
<samReporter>
    <samReaderValidationStringency>SILENT</samReaderValidationStringency>
    <maxLikelihoodPlacerModuleName>exampleMaxLikelihoodPlacer</maxLikelihoodPlacerModuleName>
    <alignerModuleName>exampleCompoundAligner</alignerModuleName>
    <consensusAmbiguityMinReads>5</consensusAmbiguityMinReads>
    <consensusAmbiguityMinProportion>0.05</consensusAmbiguityMinProportion>
    <consensusProduceAmbiguityCodes>true</consensusProduceAmbiguityCodes>
</samReporter>
