<!-- 
    GLUE: A flexible system for virus sequence data
    Copyright (C) 2018 The University of Glasgow

    This program is free software: you can redistribute it and/or modify
    it under the terms of the GNU Affero General Public License as published
    by the Free Software Foundation, either version 3 of the License, or
    (at your option) any later version.

    This program is distributed in the hope that it will be useful,
    but WITHOUT ANY WARRANTY; without even the implied warranty of
    MERCHANTABILITY or FITNESS FOR A PARTICULAR PURPOSE.  See the
    GNU Affero General Public License for more details.

    You should have received a copy of the GNU Affero General Public License
    along with this program.  If not, see <http://www.gnu.org/licenses/>.

    Contact details:
    MRC-University of Glasgow Centre for Virus Research
    Sir Michael Stoker Building, Garscube Campus, 464 Bearsden Road, 
    Glasgow G61 1QH, United Kingdom
    
    Josh Singer: josh.singer@glasgow.ac.uk
    Rob Gifford: robert.gifford@glasgow.ac.uk
 -->
<compoundAligner>
	<!-- The minimum bit score setting here was added in order to 
	     prevent alignment of the query to parts of the reference that are self-similar.
	     Specifically, it was found that two 50 nucleotide segments of reference M73218 are similar enough that
	     a spurious blast hit is generated on query EU879105.
	     
	     However, this spurious hit has a much lower bit score, so the bit score filter will remove it.
	     
	     This approach here is fine as the reference self-similarity is not extreme and we are aligning queries which 
	     are closely related and similar to the reference.
	     
	     Incidentally, the problem showed up during a routine check using the alignment show statistics command: 
	     this particular member had a memberNtCoveragePct of > 100%
	     
	     >M73218_249_to_299
		 GCTGGAGCTTTACTGCCGCGCCCGCTCCGGCCGCTGTCTTGAAATTGGCGC
		 >M73218_5360_to_5410
		 GCTGGACCTCGTGTTCGCCAACCCGCCCGACCACTCGGCTCCGCTTGGCGT
		 >EU879105_125_to_175
		 GCTGGAGCTTTACTGCCGCGCCCGCTCCGGCCGCTGTCTTGAAATTGGCGC

	     -->
	<aligners>
		<codonAwareBlastAligner>
			<minimumBitScore>50</minimumBitScore>
			<featureName>ORF1</featureName>
		</codonAwareBlastAligner>
		<codonAwareBlastAligner>
			<minimumBitScore>50</minimumBitScore>
			<featureName>ORF2</featureName>
		</codonAwareBlastAligner>
		<codonAwareBlastAligner>
			<minimumBitScore>50</minimumBitScore>
			<featureName>ORF3</featureName>
		</codonAwareBlastAligner>
		<blastAligner>
			<minimumBitScore>50</minimumBitScore>
		</blastAligner>
	</aligners>
</compoundAligner>