<!-- 
    GLUE: A flexible system for virus sequence data
    Copyright (C) 2018 The University of Glasgow

    This program is free software: you can redistribute it and/or modify
    it under the terms of the GNU Affero General Public License as published
    by the Free Software Foundation, either version 3 of the License, or
    (at your option) any later version.

    This program is distributed in the hope that it will be useful,
    but WITHOUT ANY WARRANTY; without even the implied warranty of
    MERCHANTABILITY or FITNESS FOR A PARTICULAR PURPOSE.  See the
    GNU Affero General Public License for more details.

    You should have received a copy of the GNU Affero General Public License
    along with this program.  If not, see <http://www.gnu.org/licenses/>.

    Contact details:
    MRC-University of Glasgow Centre for Virus Research
    Sir Michael Stoker Building, Garscube Campus, 464 Bearsden Road, 
    Glasgow G61 1QH, United Kingdom
    
    Josh Singer: josh.singer@glasgow.ac.uk
    Rob Gifford: robert.gifford@glasgow.ac.uk
 -->
<textFilePopulator>
	<columnDelimiterRegex>\t</columnDelimiterRegex>
	<textFileColumn>
		<identifier>true</identifier>
		<header>Isolate</header>
		<property>sequenceID</property>
	</textFileColumn>
	<textFileColumn>
		<header>Isolate</header>
		<property>isolate</property>
	</textFileColumn>
	<textFileColumn>
		<header>Sequence length</header>
		<property>length</property>
	</textFileColumn>
	<isoCountryTextFileColumn codeStyle="ALPHA_3">
		<header>Country</header>
		<property>m49_country</property>
	</isoCountryTextFileColumn>
	<textFileColumn>
		<header>Host species</header>
		<property>host_species</property>
	</textFileColumn>
	<textFileColumn>
		<header>Collection year</header>
		<property>collection_year</property>
	</textFileColumn>
</textFilePopulator>
