<!-- 
    GLUE: A flexible system for virus sequence data
    Copyright (C) 2018 The University of Glasgow

    This program is free software: you can redistribute it and/or modify
    it under the terms of the GNU Affero General Public License as published
    by the Free Software Foundation, either version 3 of the License, or
    (at your option) any later version.

    This program is distributed in the hope that it will be useful,
    but WITHOUT ANY WARRANTY; without even the implied warranty of
    MERCHANTABILITY or FITNESS FOR A PARTICULAR PURPOSE.  See the
    GNU Affero General Public License for more details.

    You should have received a copy of the GNU Affero General Public License
    along with this program.  If not, see <http://www.gnu.org/licenses/>.

    Contact details:
    MRC-University of Glasgow Centre for Virus Research
    Sir Michael Stoker Building, Garscube Campus, 464 Bearsden Road, 
    Glasgow G61 1QH, United Kingdom
    
    Josh Singer: josh.singer@glasgow.ac.uk
    Rob Gifford: robert.gifford@glasgow.ac.uk
 -->
<maxLikelihoodGenotyper>
	<maxLikelihoodPlacerModuleName>exampleMaxLikelihoodPlacer</maxLikelihoodPlacerModuleName>
	<cladeCategory>
		<name>genotype</name>	
		<displayName>Genotype</displayName>	
		<whereClause>displayName like 'Genotype%'</whereClause>
		<distanceScalingExponent>-3.0</distanceScalingExponent>
		<distanceCutoff>0.4</distanceCutoff>
		<finalCladeCutoff>80.0</finalCladeCutoff>
	</cladeCategory>
	<cladeCategory>
		<name>subtype</name>	
		<displayName>Subtype</displayName>	
		<whereClause>displayName like 'Subtype%'</whereClause>
		<distanceScalingExponent>-4.5</distanceScalingExponent>
	    <distanceCutoff>0.26</distanceCutoff>
		<finalCladeCutoff>61.0</finalCladeCutoff>
	</cladeCategory>
</maxLikelihoodGenotyper>