<!-- 
    GLUE: A flexible system for virus sequence data
    Copyright (C) 2018 The University of Glasgow

    This program is free software: you can redistribute it and/or modify
    it under the terms of the GNU Affero General Public License as published
    by the Free Software Foundation, either version 3 of the License, or
    (at your option) any later version.

    This program is distributed in the hope that it will be useful,
    but WITHOUT ANY WARRANTY; without even the implied warranty of
    MERCHANTABILITY or FITNESS FOR A PARTICULAR PURPOSE.  See the
    GNU Affero General Public License for more details.

    You should have received a copy of the GNU Affero General Public License
    along with this program.  If not, see <http://www.gnu.org/licenses/>.

    Contact details:
    MRC-University of Glasgow Centre for Virus Research
    Sir Michael Stoker Building, Garscube Campus, 464 Bearsden Road, 
    Glasgow G61 1QH, United Kingdom
    
    Josh Singer: josh.singer@glasgow.ac.uk
    Rob Gifford: robert.gifford@glasgow.ac.uk
 -->
<genbankXmlPopulator>
	<gbPrimaryAccession>
		<propertyPopulator property="gb_primary_accession"/>
	</gbPrimaryAccession>
	<gbAccessionVersion>
		<propertyPopulator property="gb_accession_version"/>
	</gbAccessionVersion>
	<gbLocus>
		<propertyPopulator property="gb_locus"/>
	</gbLocus>
	<gbOtherID>
		<propertyPopulator property="gb_gi_number">
			<matchPattern>gi\|(\d+)</matchPattern>
			<outputTemplate>${g1}</outputTemplate>
		</propertyPopulator>
	</gbOtherID>
	<gbTaxonomy>
		<propertyPopulator property="gb_taxonomy"/>
	</gbTaxonomy>
	<gbLength>
		<propertyPopulator property="length"/>
	</gbLength>
	<gbUpdateDate>
		<propertyPopulator property="gb_update_date"/>
	</gbUpdateDate>
	<gbCreateDate>
		<propertyPopulator property="gb_create_date"/>
	</gbCreateDate>
	<gbReference>
		<gbRefPubmed>
			<!-- Under the 'update custom-tables' command, 
			     this rule will create a custom publication object using the pubmed number as its ID -->
			<createCustomTableRow tableName="publication"/>
			<!-- This rule will link each sequence to the relevant custom publication object -->
			<propertyPopulator property="publication"/>
		</gbRefPubmed>
		<!-- These rules set properties on the linked publication object -->
		<gbRefJournal>
			<propertyPopulator property="publication.journal"/>
		</gbRefJournal>
		<gbRefTitle>
			<propertyPopulator property="publication.title"/>
		</gbRefTitle>
		<gbRefDoi>
			<propertyPopulator property="publication.doi"/>
		</gbRefDoi>
	</gbReference>

	<gbOrganism>
		<propertyPopulator property="gb_organism">
			<valueConverter>
				<matchPattern>.*Hepatitis E [vV]irus.*</matchPattern>
				<outputTemplate>Hepatitis E virus</outputTemplate>
			</valueConverter>
		</propertyPopulator>
	</gbOrganism>
	
	<gbFeature key="source">
		<gbQualifier name="isolate">
			<propertyPopulator property="isolate"/>
		</gbQualifier>
		
		<gbQualifier name="country">
			<isoCountryPropertyPopulator property="m49_country" codeStyle="ALPHA_3"/>
		</gbQualifier>
		
		<gbQualifier name="host">
			<propertyPopulator property="host_species">

				<valueConverter>
					<matchPattern>.*[Hh]omo [Ss]apiens.*</matchPattern>
					<matchPattern>.*[Hh]uman.*</matchPattern>
					<matchPattern>.*humna.*</matchPattern>
					<outputTemplate>Homo sapiens</outputTemplate>
				</valueConverter>
				
				<valueConverter>
					<matchPattern>.*[Rr]abbit.*</matchPattern>
					<matchPattern>.*[Oo]ryctolagus cuniculus.*</matchPattern>
					<outputTemplate>Oryctolagus cuniculus</outputTemplate>
				</valueConverter>

 				<valueConverter>
					<matchPattern>.*[Pp]ig.*</matchPattern>
					<matchPattern>.*[Pp]iglet.*</matchPattern>
					<matchPattern>.*[Ss]wine.*</matchPattern>
					<matchPattern>.*Sus scrofa domesticus*</matchPattern>
					<matchPattern>.*Sus scrofa*</matchPattern>
					<matchPattern>.*[Pp]orcine.*</matchPattern>
					<matchPattern>.*[Ww]ild boar.*</matchPattern>
					<outputTemplate>Sus scrofa</outputTemplate>
				</valueConverter>

			</propertyPopulator>
		</gbQualifier>
		
		<gbQualifier name="collection_date">
			<propertyPopulator property="collection_year">
				<matchPattern>(\d{4})</matchPattern>
				<outputTemplate>${g1}</outputTemplate>
			</propertyPopulator>
		</gbQualifier>
		
		
	</gbFeature>
</genbankXmlPopulator>