<fastaImporter>
	<!-- For the sequence ID this extract everything before the first dot -->
	<idParser>
		<matchPattern>([^\.]+)\..*</matchPattern>
		<outputTemplate>${g1}</outputTemplate>
	</idParser>
	<!-- Set field header_1 on the sequence to the string between the first and second dots -->
	<fieldParser>
		<fieldName>header_1</fieldName>
		<matchPattern>(?:[^\.]+\.){1}([^\.]+)</matchPattern>
		<outputTemplate>${g1}</outputTemplate>
		<!-- Null existing values will always be overwritten. 
	         If overwriteExistingNonNull is set to true, non-null existing field values will also be overwritten. 
	         Default if omitted is true -->
		<overwriteExistingNonNull>false</overwriteExistingNonNull>
	    <!-- If overwriteWithNewNull is set to true, the field value will be updated, even if the new value is null.
	         Default if omitted is false -->
	    <overwriteWithNewNull>false</overwriteWithNewNull>
	</fieldParser>
	<!-- Set field header_2 on the sequence to the string after the second dot -->
	<fieldParser>
		<fieldName>header_2</fieldName>
		<matchPattern>(?:[^\.]+\.){2}([^\.]+)</matchPattern>
		<outputTemplate>${g1}</outputTemplate>
	</fieldParser>
</fastaImporter>