<genbankXmlPopulator>
	<gbPrimaryAccession>
		<fieldPopulator fieldName="gb_primary_accession">
			<!-- Null existing values will always be overwritten. 
		         If overwriteExistingNonNull is set to true, non-null existing field values will also be overwritten. 
		         Default if omitted is true -->
			<overwriteExistingNonNull>false</overwriteExistingNonNull>
		    <!-- If overwriteWithNewNull is set to true, the field value will be updated, even if the new value is null.
		         Default if omitted is false -->
		    <overwriteWithNewNull>false</overwriteWithNewNull>
		</fieldPopulator>
	</gbPrimaryAccession>
	<gbAccessionVersion>
		<fieldPopulator fieldName="gb_accession_version"/>
	</gbAccessionVersion>
	<gbLocus>
		<fieldPopulator fieldName="gb_locus"/>
	</gbLocus>
	<gbOtherID>
		<fieldPopulator fieldName="gb_gi_number">
			<matchPattern>gi\|(\d+)</matchPattern>
			<outputTemplate>${g1}</outputTemplate>
		</fieldPopulator>
	</gbOtherID>
	<gbTaxonomy>
		<fieldPopulator fieldName="gb_taxonomy"/>
	</gbTaxonomy>
	<gbLength>
		<fieldPopulator fieldName="gb_length"/>
	</gbLength>
	<gbUpdateDate>
		<fieldPopulator fieldName="gb_update_date"/>
	</gbUpdateDate>
	<gbCreateDate>
		<fieldPopulator fieldName="gb_create_date"/>
	</gbCreateDate>
	<gbOrganism>
		<fieldPopulator fieldName="gb_organism">
			<valueConverter>
				<matchPattern>.*Hepatitis C [vV]irus.*</matchPattern>
				<outputTemplate>Hepatitis C virus</outputTemplate>
			</valueConverter>
		</fieldPopulator>
		<fieldPopulator fieldName="gb_recombinant">
				<matchPattern>[Rr]ecombinant</matchPattern>
				<outputTemplate>true</outputTemplate>
		</fieldPopulator>
	</gbOrganism>
	<gbDivision>
		<fieldPopulator fieldName="gb_patent_related">
			<matchPattern>PAT</matchPattern>
			<outputTemplate>true</outputTemplate>
		</fieldPopulator>
	</gbDivision>
	<gbFeature key="source">
		<gbQualifier name="isolate">
			<fieldPopulator fieldName="gb_isolate"/>
		</gbQualifier>
		<gbQualifier name="country">
			<fieldPopulator fieldName="gb_country">
				<matchPattern>([A-Za-z ]+)(?::.*)?</matchPattern>
				<outputTemplate>${g1}</outputTemplate>
			</fieldPopulator>
		</gbQualifier>
		<gbQualifier name="host">
			<fieldPopulator fieldName="gb_host">
				<valueConverter>
					<matchPattern>.*Homo [sS]apiens.*</matchPattern>
					<outputTemplate>Homo sapiens</outputTemplate>
				</valueConverter>
			</fieldPopulator>
		</gbQualifier>
		<gbQualifier name="note">
			<fieldPopulator fieldName="gb_genotype">
				<matchPattern>genotype:?\s+([1-9])</matchPattern>
				<outputTemplate>${g1}</outputTemplate>
			</fieldPopulator>
			<fieldPopulator fieldName="gb_subtype">
				<matchPattern>genotype:?\s+[1-9]([a-zA-Z]+)</matchPattern>
				<outputTemplate>${g1?lower_case}</outputTemplate>
			</fieldPopulator>
			<fieldPopulator fieldName="gb_recombinant">
				<matchPattern>[Rr]ecombinant</matchPattern>
				<outputTemplate>true</outputTemplate>
			</fieldPopulator>
			<fieldPopulator fieldName="gb_genotype">
				<matchPattern>subtype\s+([1-9])</matchPattern>
				<outputTemplate>${g1}</outputTemplate>
			</fieldPopulator>
			<fieldPopulator fieldName="gb_subtype">
				<matchPattern>subtype\s+[1-9]([a-zA-Z]+)</matchPattern>
				<outputTemplate>${g1?lower_case}</outputTemplate>
			</fieldPopulator>
		</gbQualifier>
		<gbQualifier name="genotype">
			<fieldPopulator fieldName="gb_genotype">
				<matchPattern>([1-9])</matchPattern>
				<outputTemplate>${g1}</outputTemplate>
			</fieldPopulator>
			<fieldPopulator fieldName="gb_subtype">
				<matchPattern>[1-9]([a-zA-Z]+)</matchPattern>
				<outputTemplate>${g1?lower_case}</outputTemplate>
			</fieldPopulator>
		</gbQualifier>

	<!-- this rule will genotype about 70 odd sequences, not sure if it is valid. 
		Had a look at ViPR (www.viprbrc.org), they are also treating serotype as 
		genotype / subtype -->
		<gbQualifier name="serotype">
			<fieldPopulator fieldName="gb_genotype">
				<matchPattern>([1-9])</matchPattern>
				<outputTemplate>${g1}</outputTemplate>
			</fieldPopulator>
			<fieldPopulator fieldName="gb_subtype">
				<matchPattern>[1-9]([a-zA-Z]+)</matchPattern>
				<outputTemplate>${g1?lower_case}</outputTemplate>
			</fieldPopulator>
		</gbQualifier>
	
		<gbQualifier name="type">
			<fieldPopulator fieldName="gb_genotype">
				<matchPattern>([1-9])</matchPattern>
				<outputTemplate>${g1}</outputTemplate>
			</fieldPopulator>
			<fieldPopulator fieldName="gb_subtype">
				<matchPattern>[1-9]([a-zA-Z]+)</matchPattern>
				<outputTemplate>${g1?lower_case}</outputTemplate>
			</fieldPopulator>
		</gbQualifier>
		<gbQualifier name="subtype">
			<fieldPopulator fieldName="gb_genotype">
				<matchPattern>([1-9])[a-z]+</matchPattern>
				<outputTemplate>${g1}</outputTemplate>
			</fieldPopulator>
			<fieldPopulator fieldName="gb_subtype">
				<matchPattern>([a-zA-Z]+)</matchPattern>
				<outputTemplate>${g1?lower_case}</outputTemplate>
			</fieldPopulator>
		</gbQualifier>
		<gbQualifier name="organism">
			<fieldPopulator fieldName="gb_genotype">
				<matchPattern>subtype\s+([1-9])</matchPattern>
				<outputTemplate>${g1}</outputTemplate>
			</fieldPopulator>
			<fieldPopulator fieldName="gb_subtype">
				<matchPattern>subtype\s+[1-9]([a-zA-Z]+)</matchPattern>
				<outputTemplate>${g1?lower_case}</outputTemplate>
			</fieldPopulator>
		</gbQualifier>
		<gbQualifier name="strain">
			<fieldPopulator fieldName="gb_genotype">
				<matchPattern>([1-9])</matchPattern>
				<outputTemplate>${g1}</outputTemplate>
			</fieldPopulator>
			<fieldPopulator fieldName="gb_subtype">
				<matchPattern>[1-9]([a-zA-Z]+)</matchPattern>
				<outputTemplate>${g1?lower_case}</outputTemplate>
			</fieldPopulator>
			<fieldPopulator fieldName="gb_recombinant">
				<matchPattern>[Rr]ecombinant</matchPattern>
				<outputTemplate>true</outputTemplate>
			</fieldPopulator>		
			<fieldPopulator fieldName="gb_recombinant">
				<matchPattern>RF</matchPattern>
				<outputTemplate>true</outputTemplate>
			</fieldPopulator>		
		</gbQualifier>
		<gbQualifier name="collection_date">
			<fieldPopulator fieldName="gb_collection_month_day">
				<matchPattern>(\d{2})-[A-Za-z]{3}-\d{4}</matchPattern>
				<outputTemplate>${g1}</outputTemplate>
			</fieldPopulator>
			<fieldPopulator fieldName="gb_collection_month">
				<matchPattern>\d{2}-([A-Za-z]{3})-\d{4}</matchPattern>
				<outputTemplate>${g1?upper_case}</outputTemplate>
			</fieldPopulator>
			<fieldPopulator fieldName="gb_collection_year">
				<matchPattern>(\d{4})</matchPattern>
				<outputTemplate>${g1}</outputTemplate>
			</fieldPopulator>
		</gbQualifier>
	</gbFeature>
</genbankXmlPopulator>